species,mtDNA
W._Pygmy_(1)_{African},TTCTTTCATGGGGAAGCAGATTTGGGTACCACCCAAGTATTGACTCACCCATCAACAACCGCTATGTATCTCGTACATTACTGCCAGCCACCATGAATATTGTACAGTACCATAAATACTTGACTACCTGTAGTACATAAAAACCCAACCCACATCAAACCCTGCCCCCATGCTTACAAGCAAGTACAGCAATCAACCTTCAACTGTCACACATCAACTGCAACTCCAAAGCCACCCCTCACCCACTAGGATACCAACAAACCTACCACCCTTAACAGTACATAGCACATAAAGTCATTTACCGTACATAGCACATTACAGTCAAATCCCTTCTCGTGTATGCACGCGATAGCATTGCGGGACGCTGGAGCCGGAGCACCCTATGTCGCAGTATCTGTCTTTGATTCCTGCCTCATCCCATTATTTATCGCACCTAGTTCAATATTACAGGCGAGCATACTATAAAGTGTGTTAATTAATTAATGCTTGTAGGACATAACAATAACAATTTGTCTGCAAGACTTTCCACACAGATCATAAAAAAATTTCCACCAAACCCCCCCTCCCCCACTTCTGGCCACAGCACTTAAACACATCTCTGCCAAACCCCAAAAACAAAGAACCCTAACACCA
W._Pygmy_(6)_{African},TTCTTTCATGGGGAAGCAGATTTGGGTACCACCCAAGTATTGACTCACCCATCAACAACCGCTATGTATTTCGTACATTACTGCCAGCCACCATGAATATTGTACGGTACCATAAATACTTGACTACCTGTAGTACATAAAAACCCAACCCACATCAAACCCTACCCCCATGCTTACAAGCAAGTACAGCAATCAACCTTCAACTGTCACACATCAATTGCAACTCCAAAGCCACCCCTCACCCACTAGGATACCAACAAACCTACCACCCTTAACAGTACATAGCACATAAAGTCATTTACCGTACATAGCACATTACAGTCAAATCCCTTCTCGTGTATGCACGCGATAGCATTGCGGGACGCTGGAGCCGGAGCACCCTATGTCGCAGTATCTGTGTTTGATTCCTGCCTCATCCTATTATTTATCGCACCTAGTTCAATATTACAGGCGAACATACTATAAAGTGTGTTAATTAATTAATGCTTGTAGGACATAACAATAACAATTTGTCTGCAAGGCTTTCCACACAGATCATAAAAAAATTTCCACCAAACCCCCCCTCCCCCGCTTCTGGCCACAGCACTTAAACACATCTCTGCCAAACCCCAAAAACAAAGAACCCTAACACCA
Kung_(7)_{African},TTCTTTCATGGGGAAGCAGATTTGGGTACCACCCAAGTATTGACTCACCCATCAACAACCGCTATGTATTTCGTACATTACTGCCAGCCACCATGAATATTGTACAGTACCATAAATACTTGACCACCTGTAGTACATAAAAACCCAATCCACATCAAACCCTCCCCCCATGCTTACAAGCAAGTACAGCAATCAACCTTCAACTGTCACACATTAACCGCAACTCCAAAGCCACCCCTCACCCACTAGGATACCAACAAACCTACCATCCTTAACAGTACATAGCACATAAAGCCATTTACCGTACATAGCACATTACAGTCAAATCCCTTCTCGTGTGTGCACGCGATAGCATTGCGAGACGCTGGAGCCGGAGCACCCTATGTCGCAGTATCTGTCTTTGATTCCTGCCCCATCCTATTATTTATCGCACCTAGTTCAATATTACAGGCGAACATACTATAAAGTGTGTTAATTAATTAATGCTTGTAGGACATAATAATAACAATTTGTCTGCAAGACTTTCCACACAGATCATAAAAAAATTTCCACCAAACCCCCCCTCCCCCGCTTCTGGCCACAGCACTTAAACACATCTCTGCCAAACCCCAAAAACAAAGAACCCTAACACCA
Kung_(9)_{African},TTCTTTCATGGGGAAGCAGATTTGGGTACCACCCAAGTATTGACTCACCCATCAACAACCGCTATGTATTTCGTACATTACTGCCAGCCACCATGAATATTGTACAGTACCATAAATACTTGACCACCTGTAGTACATAAAAACCCAATCCACATCAAACCCTCCCCCCATGCTTACAAGCAAGTACAGCAATCAACCTTCAACTGTCACACATTAACTGCAACTCCAAAGCCACCCCTCACCCACTAGGATACCAACAAACCTACCATCCTTAACAGTACATAGCACATAAAGCCATTTACCGTACATAGCACATTACAGTCAAATCCCTTCTCGTGTGTGCACGCGATAGCATTGCGAGACGCTGGAGCCGGAGCACCCTATGTCGCAGTATCTGTCTTTGATTCCTGCCCCATCCTATTATTTATCGCACCTAGTTCAATATTACAGGCGAGCATACTATAAAGTGTGTTAATTAATTAATGCTTGTAGGACATAATAATAACAATTTGTCTGCAAGACTTTCCACACAGATCATAAAAAAATTTCCACCAAACCCCCCCTCCCCCGCTTCTGGCCACAGCACTTAAACACATCTCTGCCAAACCCCAAAAACAAAGAACCCTAACACCA
Kung_(10)_{African},TTCTTTCATGGGGAAGCAGATTTGGGTACCACCCAAGTATTGACTCACCCATCAACAACCGCTATGTATTTCGTACATTACTGCCAGCCACCATGAATATTGTACAGTACCATAAATACTTGACCACCTATAGTACATAAAAACCCAATCCACATCAAACCCTCCCCCCATGCTTACAAGCAAGTACAGCAATCAACCTTCAACTGTCACACATCAACCGCAACTCCAAAGCCACCCCTCACCCACTAGGATACCAACAAACCTACCATCCTTAACAGTACATAGCACATAAAGCCATTTACCGTACATAGCACATTACAGTCAAATCCCTTCTCGTGTGTGCACGCGATAGCATTGCGAGACGCTGGAGCCGGAGCACCCTATGTCGCAGTATCTGTCTTTGATTCCTGCCCCATCCTATTATTTATCGCACCTAGTTCAATATTACAGGCGAACATACTATAAAGTGTGTTAATTAATTAATGCTTGTAGGACATAATAATAACAATTTGTCTGCAAGACTTTCCACACAGATCATAAAAAAATTTCCACCAAACCCCCCCTCCCCCGCTTCTGGCCACAGCACTTAAACACATCTCTGCCAAACCCCAAAAACAAAGAACCCTAACACCA
Kung_(13)_{African},TTCTTTCATGGGGAAGCAGATTTGGGTACCACCCAAGTATTGACTCACCCATCAACAACCGCTATGTATTTCGTACATTACTGCCAGCCACCATGAATATTGTACAGTACCATAAATACTTGACCACCTATAGTACATAAAAACCCAATCCACATCAAACCCTCCCCCCATGCTTACAAGCAAGTACAGCAATCAACCTTCAACTGTCACACATCAACCGCAACTCCAAAGCCACCCCTCACCCACTAGGATACCAACAAACCTACCATCCTTAACAGTACATAGCACATAAAGCCATTTACCGTACATAGCACATTACAGTCAAATCCCTTCTCGTGTGTGCACGCGATAGCATTGCGAGACGCTGGAGCCGGAGCACCCTATGTCGCAGTATCTGTCTTTGATTCCTGCCCCATCCCATTATTTATCGCACCTAGTTCAATATTACAGGCGAACATACTATAAAGTGTATTAATTAATTAATGCTTGTAGGACATAATAATAACAATTTGTCTGCAAGACTTTCCACACAGATCATAAAAAAATTTCCACCAAACCCCCCCTCCCCCGCTTCTGGCCACAGCACTTAAACACATCTCTGCCAAACCCCAAAAACAAAGAACCCTAACACCA
Kung_(17)_{African},TTCTTTCATGGGGAAGCAGATTTGGGTACCACCCAAGTATTGACTCACCCATCAACAACCGCTATGTATCTCGTACATTACTGCCAGCCACCATGAATATTGTACAGTACCATAAATACTTGACCACCTGTAGTACATAAAAACCCAATCCACATCAAACCCTCCCCCCATGCTTACAAGCAAGTACAGCAATCAACCCTCAACTGTCATACATCAACCGCAACTCCAAAGCCACTCCTCAGCCACTAGGATACCAACAAACCTACCACCCTTAACAGTACATAGCACATAAAGCCATTTACCGTACATAGCACATTACAGTCAAATCCCTTCTCGTGTGTGCACGCGATAGCATTGCGAGACGCTGGAGCCGGAGCACCCTATGTCGCAGTATCTGTCTTTGATTCCTGCCCCATCCCATTATTTATCGCACCTAGTTCAATATTACAGGCGAACATACTACAAAGTGTGTTAATTAATTAATGCTTGTAGGACATAATAATAACAATTTGTCTGCAAGACTTTCCACACAGATCATAAAAAAATTTCCACCAAACCCCCCCTCCCCCGCTTCTGGCCACAGCACTTAAACACATCTCTGCCAAACCCCAAAAACAAAGAACCCTAACACCA
Kung_(19)_{African},TTCTTTCATGGGGAAGCAGATTTGGGTACCACCCAAGTATTGACTCACCCATCAACAACCGCTATGTATTTCGTACATTACTGCCAGCCACCATGAATATTGTACAGTACCATAAATACTTGACCACCTGTAGTACATAAAAACCCAATCCACATCAAACCCTCCCCCCATGCTTACAAGCAAGTACAGCAATCAACCTTCAACTGTCACACATCAACCGCAACTCCAAAGCCACCCCTCACCCACTAGGATACCAACAAACCTACCACCCTTAACAGTACATAGCACATAAAGCCATTTACCGTACATAGCACATTACAGTCAAATCCCTTCTCGTGTGTGCACGCGATAGCATTGCGAGACGCTGGAGCCGGAGCACCCTATGTCGCAGTATCTGTCTTTGATTCCTGCCCCATCCCATTATTTATCGCACCTAGTTCAATATTACAGGCGAACATACTATAAAGTGTGTTAATTAATTAATGCTTGTAGGACATAATAATAACAATTTGTCTGCAAGACTTTCCACACAGATCATAAAAAAATTTCCACCAAACCCCCCCTCCCCCGCTTCTGGCCACAGCACTTAAACACATCTCTGCCAAACCCCAAAAACAAAGAACCCTAACACCA
Kung_(22)_{African},TTCTTTCATGGGGAAGCAGATTTGGGTACCACCCAAGTATTGACTCACCCATCAACAACCGCTATGTATTTCGTACATTACTGCCAGCCACCATGAATATTGTACGGTACCATAAATACTTGACCACCTGTAGTACATAAAAACCCAACCCACATCAAACCCTCCCCCCATGCTTACAAGCAAGCACAGTAATCAACCTTCAACTGTCACACATCAACTGCAACTCCAAAGCCACCCCTCACCCACTAGGATATCAACAAACCTACTACCCTTAACAGTACATAGCACATAAAGCCATTTACCGTACATAGCACATTACAGTCAAATCCCTTCTCGTGTGTGCACGCGATAGCATTGCGAGACGCTGGAGCCGGAGCACCCTATGTCGCAGTATCTGTCTTTGATTCCTGCCCCATTCCATTATTTATCGCACCTAGTTCAATATTACAGGCGAGCATACTATAAAGTGTATTAATTAATTAATGCTTGTAGGACATAATAATAACAATTTGTCTGCAAGACTTTCCACACAGATCATAAAAAAATTTCCACCAAACCCCCCCTCCCCCGCTTCTGGCCACAGCACTTAAACACATCTCTGCCAAACCCCAAAAACAAAGAACCCTAACACCA
Asian_(23)_{Asian},TTCTTTCATGGGGAAGCAGATTTGGGTACCACCCAAGTATTGACTCACCCATCAACAACCGCTATGTATTTCGTACATTACTGCCAGCCACCATGAATATTGCACGGTACCATAAATACTTGACCACCTGTAGTACATAAAAACCCAATCCACATCAAACCTTCCCCCCATGCTTACAAGCAAGTACAGCAATCAACCTTCAACTATCACACATCAACTGCAACTCCAAAGCCACCCCTTACCCACTAGGATATCAACAAACCTACCACCCTTAACAGTACATAGCACATAAAGCCATTTACCGTACATAGCACATTACAGTCAAATCCCTTCTCGTGTGTGCACGCGATAGCATTGCGAGACGCTGGAGCCGGAGCACCCTATGTCGCAGTATCTGTCTTTGATTCCTGCCTCATCCCATTATTTATCGCACCTAGTTCAATATTATAGTCGAACATACTATGAAGTGTGTTAATTAATTAATGCTTGTAGGACATAACAATAACAATTTGTCTGCAAGGCTTTCCACACAGATCATAAAAAAATTTCCACCAAACCCCCCCTCCCCCGCTTCTGGCCACAGCACTTAAACACATCTCTGCCAAACCCCGAAAACAAAGAACCCTAACACCA
Yoruban_(25)_{African},TTCTTTCATGGGGAAGCAGATTTGGGTACCACCCAAGTATTGACTCACCCATCAACAACCGCTATGTATTTCGTACATTACTGCCAGCCACCATGAATATTGCACGGTACCATAAATACTTGACCACCTGTAGTACATAAAAACCCAATCCACATCAAACCCCCTCCCCATGCTTACAAGCAAGTACAGCAATCAACCTTCAACTATCACACATCAACTGCAACTCCAAAGCCACCCCTTACCCATTAGGATATCAACAAACCTACCACCCTTAACAGTACATAGCACATAAAGCCATTTACCGTACATAGCACATTACAGTCAAATCCCTTCTCGTGTGTGCACGCGATAGCATTGCGAGACGCTGGAGCCGGAGCACCCTATGTCGCAGTATCTGTCTTTGATTCCTGCCTCATCCTATTATTTATCGCACCTAGTTCAATATTATAGTCGAGCATACTATAAAGTGTGTTAATTAATTAATGCTTGTAGGACATAATAATAACAATTTGTCTGCAAGGCTTTCCACACAGATCATAAAAAAATTTCCACCAAACCCCCCCTCCCCCGCTTCTGGCCACAGCACTTAAACACATCTCTGCCAAACCCCGAAAACAAAGAACCCTAACACCA
Yoruban_(26)_{African},TTCTTTCATGGGGAAGCAGATTTGGGTACCACCCAAGTATTGACTCACCCATCAACAACCGCTATGTATTTCGTACATTACTGCCAGCCACCATGAATATTGCACGGTACCATAAATACTTGACCACCTGTAGTACATAAAAACCCAATCCACATCAAACCCTCCCCCCATGCTTACAAGCAAGTACAGCAATCAACCTTCAACTATCACACATCAACTGCAACTCCAAAGCCACCCCTTACCCATTAGGATATCAACAAACCTACCGCCCTTAACAGTACATAGCACATAAAGCCATTTACCGTACATAGCACATTACAGTCAAATCCCTTCTCGTGTGTGCACGCGATAGCATTGCGAGACGCTGGAGCCGGAGCACCCTATGTCGCAGTATCTGTCTTTGATTCCTGCCTCATCCCATTATTTATCGCACCTAGTTCAATATTACAGTCGAGCATACTATAAAGTGTGTTAATTAATTAATGCTTGTAGGACATAATAATAACAATTTGTCTGCAAGGCTTTCCACACAGATCATAAAAAAATTTCCACCAAACCCCCCCTCCCCCGCTTCTGGCCACAGCACTTAAACACATCTCTGCCAAACCCCGAAAACAAAGAACCCTAACACCA
Asian_(28)_{Asian},TTCTTTCATGGGGAAGCAGATTTGGGTACCACCCAAGTATTGACTCACCCATCAACAACCGCTATGTATTTCGTACATTACTGCCAGCCACCATGAATATTGCACGGTACCATAAATACTTGACCACCTGTAGTACATAAAAACCCAATCCACATCAAACCCTCCCCCCATGCTTACAAGCAAGTACAGCAATCAACCTTCAACTATCACACATCAACTGCAACTCCAAAGCCACCCCTTACCCATTAGGATATCAACAAACCTACCGCCCTTAACAGTACATAGCACATAAAGCCATTTACCGTACATAGCACATTACAGTCAAATCCCTTCTCGTGTGTGCACGCGATAGCATTGCGAGACGCTGGAGCCGGAGCACCCTATGTCGCAGTATCTGTCTTTGATTCCTGCCTCATCCCATTATTTATCGCACCTAGTTCAATATTATAGTCGAACATACTATAAAGTGTGTTAATTAATTAATGCTTGTAGGACATAATAATAACAATTTGTCTGCAAGGCTTTCCACACAGATCATAAAAAAATTTCCACCAAACCCCCCCTCCCCCGCTTCTGGCCACAGCACTTAAACACATCTCTGCCAAACCCCGAAAACAAAGAACCCTAACACCA
Yoruban_(29)_{African},TTCTTTCATGGGGAAGCAGATTTGGGTACCACCCAAGTATTGACTCACCCATCAACAACCGCTATGTATTTCGTACATTACTGCCAGCCACCATGAATATTGCACGGTACCATAAATACTTGACCACCTGTAGTACATAAAAACCCAATCCACATCAAACCCTCCCCCCATGCTTACAAGCAAGTACAGCAATCAACCTTCAACTATCACACATCAACTGCAACTCCAAAGCCACCCCTTACCCATTAGGATATCAACAAACCTACCGCCCTTAATAGTACATAGCACATAAAGCCATTTACCGTACATAGCACATTACAGTCAAATCCCTTCTCGTGTGTGCACGCGATAGCATTGCGAGACGCTGGAGCCGGAGCACCCTATGTCGCAGTATCTGTCTTTGATTCCTGCCTCATCCCATTATTTATCGCACCTAGTTCAATATTATAGTCGAACATACTATAAAGTGTGTTAATTAATTAATGCTTGTAGGACATAATAATAACAATTTGTCTGCAAGGCTTTCCACACAGATCATAAAAAAATTTCCACCAAACCCCCCCTCCCCCGCTTCTGGCCACAGCACTTAAACACATCTCTGCCAAACCCCGAAAACAAAGAACCCTAACACCA
E._Pygmy_(32)_{African},TTCTTTCATGGGGAAGCAGATTTGGGTACCACCCAAGTATTGACTCACCCATCAACAACCGCTATGTATTTCGTACATTACTGCCAGCCACCATGAATATTGTACAGTACCATAAATACTTGACTACCTGTAGTACATAAAAGCCCAATCCACATCAAACCTTTTCCCCATGCTTACAAGCAAGTACAGCAATCAACCTTCAACTATCACACATCAACTGCAACTCCAAAGCCACCCCTCACCCACTAGGATATCAACAAACCTACCACCCTTAACAGTACATAGCACATAAAGCCATTTACCGTACATAGCACATTACAGTCAAATCCTTTCTCGCGTGTGCACGCGATAGCATTGCGAGACGCTGGAGCCGGAGCACCCTATGTCGCAGGATCTGTCTTTGATTCCTGCCTCATCCCATTATTTATCGCACCTAGTTCAATATTATAGGCGAACATACTATAAAGTGTGTTAATTAATTAATGCTTGTAGGACATAATAATAACAATTTGTCTGCAAGGCTTTCCACACAGATCATAAAAAAATTTCCACCAAACCCCCCCTCCCCCGCTTCTGGCCACAGCACTTAAACACATCTCTGCCAAACCCCAAAAACAAAGAACCCTAACACCA
W._Pygmy_(37)_{African},TTCTTTCATGGGGAAGCAGATTTGGGTACCACCCAAGTATTGACTCACCCATCAACAACCGCTATGTATTTCGTACATTACTGCCAGCCACCATGAATATTGTACAGTACCATAAATACTTGACCACCTGTAGTACATAAAAACCCAATCCACATCAAATCCTCCCCCCATGCTTACAAGCAAGTACAGCAATCAACCTTCAACTATCACACATCAACTGCAACTCCAAAGCCACCCCTCACCCACTAGGATATCAACAAACCTACCATCCTTAATAGTACATAGCACATAAAGCCATTTACCGTACATAGCACATTACAGTCAAATCCCTTCTTGTGTGTGCACGCGATAGCATTGCGAGACGCTGGAGCCGGAGCACCCTATGTCGCAGTATCTGTCTTTGATTCCTGCCCCATCCCATTATTTATCGCACCTAGTTCAATATTATAGGAGACCATATTATAAAGTGTGTTAATTAATTAATGCTTGTAGGACATAATAATAACAATTTGTCTGTAAGGCTTTCCACACAGATCATAAAAAAATTTCCGCCAAACCCCCCCTCCCCCACTTCTGGCCACAGCACTTAAACACATCTCTGCCAAACCCCAAAAACAAAGAACCCTAACACCA
W._Pygmy_(38)_{African},TTCTTTCATGGGGAAGCAGATTTGGGTACCACCCAAGTATTGACTCACCCATCAACAACCGCTATGTATTTCGTACATTACTGCCAGCCACCATGAATATTGTACAGTACCATAAATACTTGACCACCTGTAGTACATAAAAACCCAATCCACATCAAATCCTCCCCCCATGCTTACAAGCAAGTACAGCAATCAACCTTCAACTATCACACATCAACTGCAACTCCAAAGCCACCCCTCACCCACTAGGATATCAACAAACCTACCATCCTTAATAGTACATAGCACATAAAGCCATTTACCGTACATAGCACATTACAGTCAAATCCCTTCTTGTGTGTGCACGCGATAGCATTGCGAGACGCTGGAGCCGGAGCACCCTATGTCGCAGTATCTGTCTTTGATTCCTGCCCCATCCCATTATTTATCGCACCTAGTTCAATATTATAGGAGACCATACTATAAAGTGTGTTAATTAATTAATGCTTGTAGGACATAATAATAACAATTTGTCTGTAAGGCTTTCCACACAGATCATAAAAAAATTTCCACCAAACCCCCCCTCCCCCACTTCTGGCCACAGCACTTAAACACATCTCTGCCAAACCCCAAAAACAAAGAACCCTAACACCA
W._Pygmy_(40)_{African},TTCTTTCATGGGGAAGCAGATTTGGGTACCACCCAAGTATTGACTCACCCATCAACAACCGCTATGTATTTCGTACATTACTGCCAGCCACCATGAATATTGTACAGTACCATAAATACTTGACCACCTGTAGTACATAAAAACCCAATCCACATCAAATCCTCCCCCCATGCTTACAAGCAAGTACAGCAATCAACCTTCAACTATCACACATCAACTGCAACTCCAAAGCCACCCCTCACCCACTAGGATATCAACAAACCTACCATCCTTAATAGTACATAGCACATAAAGCCATTTACCGTACATAGCACATTACAGTCAAATCCCTTCTTGTGTGTGCACGCGATAGCATTGCGAGACGCTGGAGCCGGAGCACCCTATGTCGCAGTATCTGTCTTTGATTCCTGCCCCATCCCATTATTTATCGCACCTAGTTCAATATTATAGGAGACCATACTATAAAGTGTGTTAATTAATTAATGCTTGTAGGACATAATAATAACAATTTGTCTGTAAGGCTTTCCACACAGATCATAAAAAAATTTCCGCCAAACCCCCCCTCCCCCACTTCTGGCCACAGCACTTAAACACATCTCTGCCAAACCCCAAAAACAAAGAACCCTAACACCA
W._Pygmy_(43)_{African},TTCTTTCATGGGGAAGCAGATTTGGGTGCCACCCAAGTATTGACTCACCCATCAACAACCGCTATGTATTTCGTACATTACTGCCAGCCACCATGAATATTGTACAGTACCATAAATACTTGACCACCTGTAGTACATAAAAACCCAATCCACATCAAACCCTCCCCCCATGCTTACAAGCAAGTACAGTAATCAACCCTCAACTATCATACATCAACTGCAACCCCAAAGCCGCCCCTCACCCACTAGAATATCAACAAACCTACCGTCCTTAACAGTACATAGCACATAAAGCCATTTACCGTACATAGCACATTACAGTCAAATCCCTTCTTGTGTGTGCACGCGATAGCATTGCGAGACGCTGGAGCCGGAGCACCCTATGTCGCAGTATCTGTCTTTGATTCCTGCCTCATCTCATTATTTATCGCACCTAGTTCAATATTACAGGAGACCATACTATAAAGTGTGTTAATTAATTAATGCTTGTAGGACATAATAATAACAATTTGTCTGCAAGACTTTCCACACAGATCATAAAAAAATTTCCACCAAACCCCCCCTCCCCCGCTTCTGGCCACAGCACTTAAACACATCTCTGCCAAACCCCAAAAACAAAGAACCCTAACACCA
W._Pygmy_(45)_{African},TTCTTTCATGGGGAAGCAGATTTGGGTACCACCCAAGTATTGACTCACCCATCAACAACCGCTATGTATTTCGTACATTACTGCCAGCCACCATGAATATTGTACAGTACCATAAATACTTGACCACCTGTAGTACATAAAAACCCAATCCACATCAAACCCTCACCCCATGCTTACAAGCAAGTACAGTAATCAACCCTCAACTATCATACATCAACTGCAACCCCAAAGCCACCCCTCACCCACTAGAATATCAACAAACCTACCATCCTTAACAGTACATAGCACATAAAGCCATTTACCGTACATAGCACATTACAGTCAAATCCCTTCTTGTGTGTGCACGCGATAGCATTGCGAGACGCTGGAGCCGGAGCACCCTATGTCGCAGTATCTGTCTTTGATTCCTGCCTCATCTCATTATTTATCGCACCTAGTTCAATATTACAGGAGACCATACTATAAAGCGTGTTAATTAATTAATGCTTGTAGGACATAATAATAACAATTTGTCTGCAAGGCTTTCCACACAGATCATAAAAAAATTTCCGCCAAACCCCCCCTCCCCCGCTTCTGGCCACAGCACTTAAACACATCTCTGCCAAACCCCAAAAACAAAGAACCCTAACACCA
W._Pygmy_(46)_{African},TTCTTTCATGGGGAAGCAGATTTGGGTACCACCCAAGTATTGACTCACCCATCAACAACCGCTATGTATTTCGTACATTACTGCCAGCCACCATGAATATTGTACAGTACCATAAATACTTGACCACCTGTAGTACATAAAAACCCAATCCACATCAAACCCTCCCCCCATGCTTACAAGCAAGTACAGCAATCAACCTTCAACTATCACACATCAACTGCAACTCCAAAGCCACCCCTCACCCACTAGAATATCAACAAACCTACCGTCCTTAACAGTACATAGCACATAAAGCCATTTACCGTACATAGCACATTACAGTCAAATCCCTTCTCGTGTGTGCACGCGATAGCATTGCGAGCCGCTGGAGCCGGAGCACCCTATGTCGCAGTATCTGTCTTTGATTCCTGCCTCATCCTATTATTTATCGCACCTAGTTCAATATTATAGGAGACCATACTATAAAGTGTGTTAATTAATTAATGCTTGTAGGACATAACAATAACAATTTGTCTGCAAGGCTTTCCACACAGATCATAAAAAAATTTCCGCCAAACCCCCCCTCCCCCGCTTCTGGCCACAGCACTTAAACACATCTCTGCCAAACCCCAAAAACAAAGAACCCTAACACCA
W._Pygmy_(48)_{African},TTCTTTCATGGGGAAGCAGATTTGGGTACCACCCAAGTATTGACTCACCCATCAACAACCGCTATGTATTTCGTACATTACTGCCAGCCACCATGAATATTGTACAGTACCATAAATACTTGACCACCTGTAGTACATAAAAACCCAATCCACATCAAACCCTCCCCCCATGCTTACAAGCAAGTACAGCAATCAACCTTCAACTATCACACATCAACTGCAACTCCAAAGCCACCCCTCACCCACTAGAATATCAACAAACCTACCGTCCTTAACAGTACATAGCACATAAAGCCATTTACCGTACATAGCACATTACAGTCAAATCCCTTCTTGTGTGTGCACGCGATAGCATTGCGGGCCGCTGGAGCCGGAGCACCCTATGTCGCAGTATCTGTCTTTGATTCCTGCCTCATCCTATTATTTATCGCACCTAGTTCAATATTATAGGAGACCATACTATAAAGTGTGTTAATTAATTAATGCTTGTAGGACATAACAATAACAATTTGTCTGCAAGGCTTTCCACACAGATCATAAAAAAATTTCCGCCAAACCCCCCCTCCCCCACTTCTGGCCACAGCACTTAAACACATCTCTGCCAAACCCCAAAAACAAAGAACCCTAACACCA
Yoruban_(51)_{African},TTCTTTCATGGGGAAGCAGATTTGGGTACCACCCAAGTATTGACTCACCCATCAACAACCGCTATGTATTTCGTACATTACTGCCAGCCACCATGAATATCGTACGGTACCATAAATACTTGACCACCTGTAGTACATGAAAACCCAATCCACATCAAACCCCCTCCCCATGCTTACAAGCAAGTACAGCAATCAACCTTCAACTATCACACATCAACTGCAACTCCAAAGCCACCCCTCACCCACTAGGATATCAACAAACCTACCACCCTTAACAGTACATAGCACATAAAGCCATTTACCGTACATAGCACATTACAGTCAAATCCCTTCTCGTGTGTGCACGCGATAGCATTGCGAGACGCTGGAGCCGGAGCACCCTATGTCGCAGTATCTGTCTTTGATTCCTGCCTCATCCCATTATTTATCGCACCTAGTTCAATATTACAGGCGAACATACTATAAAGTGTGTTAATTAATTAATGCTTGTAGGACATAATAATAACAATTTGTCTGCAAGACTTTCCACACAGATCATAAAAAAATTTCCACCAAACCCCCCCTCCCCCGCTTCTGGCCACAGCACTTAAACACATCTCTGCCAAACCCCAAAAACAAAGAACCCTAACACCA
Yoruban_(57)_{African},TTCTTTCATGGGGAAGCAGATTTGGGTACCACCCAAGTATTGACTCACCCATCAACAACCGCTATGTATTTCGTACATTACTGCCAGCCACCATGAATATTGTACGGTACCATAAATACTTGACCACCTGTAGTACATAAAAACCCAATCCACATCAAACCCCCTCCCCATGCTTACAAGCAAGTACAGCAATCAACCTTCAACTATCACACATCAACTGCAACTCCAAAGCCACCCCTCACCCACTAGGATATCAACAAACCTACCACCCTTAACAGTACATAGTACATAAAGCCATTTACCGTACATAGCACATTACAGTCAAATCCCTTCTCGCGTGTGCACGCGATAGCATTGCGAGACGCTGGAGCCGGAGCACCCTATGTCGCAGTATCTGTCTTTGATTCCTGCCTCATCCTATTATTTATCGCACCTAGTTCAATATTACAGGCGAACATACTATAAAGTGTGTTAATTAATTAATGCTTGTAGGACATAATAATAACAATTTGTCTGCAAGGCTTTCCACACAGATCATAAAAAAATTTCCACCAAACCCCCCCTCCCCCGCTTCTGGCCACAGCACTTAAACACATCTCTGCCAAACCCCAAAAACAAAGAACCCTAACACCA
Asian_(58)_{Asian},TTCTTTCATGGGGAAGCAGATTTGGGTACCACCCAAGTATTGACTCACCCATCAACAACCGCCATGTATTTCGTACATTACTGCCAGCCACCATGAATATTGTACGGTACCATAAATACTTGACCACCTGTAGTACATAAAAACCCAACCCACATCAAACCCCCTCCCCATGCTTACAAGCAAGTACAGCAATCAACCTTCAGCTATCACACATCAACTGCAACTCCAAAGCCACCCCTCACCCACTGGGATATCAACAAACCTACCACCCTTAACAGTACATAGTACATAAAACCATTTACCGTACATAGCACATTACAGTCAAATCCCTTCTCGCGTGTGCACGCGATAGCATTGCGAGACGCTGGAGCCGGAGCACCCTATGTCGCAGTATCTGTCTTTGATTCCTGCCTCATCCCATTATTTATCGCACCTAGTTCAATATTACAGGCGAACATACTATAAAGTGTGTTAATTAATTAATGCTTGTAGGACATAATAATAACAATTTGTCTGCAAGGCTTTCCACACAGATCATAAAAAAATTTCCACCAAACCCCCCCTCCCCCGCTTCTGGCCACAGCACTTAAACACATCTCTGCCAAACCCCAAAAACAAAGAACCCTAACACCA
Yoruban_(60)_{African},TTCTTTCATGGGGAAGCAGATTTGGGTACCACCCAAGTATTGACTCACCCATCAACAACCGCTATGTATTTCGTACATTACTGCCAGCCACCATGAATATCGTACGGTACCATAAATACTTGACCACCTGTAGTACATAAAAACCCAATCCACATCAAACCCCCTCCCCATGCTTACAAGCAAGTACAGCAATCAACCTTCAACTATCACACATCAACTGCAACTCCAAAGCCACCCCTCACCCACTAGGATACCAACAAACCTACCACCCTTAACAGTACATAGTACATAAAGCCATTTATCGTACATAGCACATTACAGTCAAATCCCTTCTCGTGTGTGCACGCGATAGCATTGCGAGACGCTGGAGCCGGAGCACCCTATGTCGCAGTATCTGTCTTTGATTCCTGCCCCATCCCATTATTTATCGCACCTAGTTCAATATTACAGGCGAACATACTATAAAGTGTGTTAATTAATTAATGCTTGTAGGACATAATAATAACAATTTGTCTGCAAGGCTTTCCACACAGATCATAAAAAAATTTCCACCAAACCCCCCCTCCCCCGCTTCTGGCCACAGCACTTAAACACATCTCTGCCAAACCCCAAAAACAAAGAACCCTAACACCA
E._Pygmy_(68)_{African},TTCTTTCATGGGGAAGCAGATTTGGGTACCACCCAAGTATTGACTCACCCATCAACAACCGCTATGTATTTCGTACATTACTGCCAGCCACCATGAATATTGTACGGTACCATAAATACTTGACCACCTGTAGTACATAAAAACCCGATCCACATCAAACCCCCCCCCCATGCTTACAAGCAAGTACAGCAATCAACCTTCAACCATCACACATCAACTGCAACTCCAAAGCCACCCCTCACCCACTAGGATATCAACAAACCTACCATCCTTAACAGTACATAGCACATAAAGCCATTTACCGTACATAGCACATTACAGTCAAATCCCTTCTCGTGTGTGCACGCGATAGCATTGCGAGACGCTGGAGCCGGAGCACCCTATGTCGCAGTATCTGTCTTTGATTCCTGCCTCATCCCATTATTTATCGCACCTAGTTCAATATTATAGGCGAACATACTATAAAGTGTGTTAATTAATTAATGCTTGTAGGACATAATAATAACAATTTGTCTGCAAGGCTTTCCACACAGATCATAAAAAAATTTCCACCAAACCCCCCCTCCCCCGCTTCTGGCCACAGCACTTAAACACATCTCTGCCAAACCCCAAAAACAAAGAACCCTAACACCA
E._Pygmy_(69)_{African},TTCTTTCATGGGGAAGCAGATTTGGGTACCACCCAAGTATTGACTCACCCATCAACAACCGCTATGTATTTCGTACATTACTGCCAGCCACCATGAATATTGTACGGTACCATAAATACTTGACCACCTGTAGTACATAAAAACCCAACCCACATCAAACCCCCCCCCCATGCTTACAAGCAAGTACAGCAATCAACCTTCAACCATCACACATCAACTGCAACTCCAAAGCCACCCCTCACCCACTAGGATATCAACAAACCTACTATCCTTAACAGTACATAGCACATAAAGCCATTTACCGTACATAGCACATTACAGTCAAATCCCTTCTCGTGTGTGCACGCGATAGCATTGCGAGACGCTGGAGCCGGAGCACCCTATGTCGCAGTATCTGTCTTTGATTCCTGCCTCATCCCATTATTTATCGCACCTAGTTCAATATTACAGGCGAACATACTATAAAGCGTCTTAATTAATTAATGCTTGTAGGACATAATAATAACAATTTGTCTGCAAGGCTTTCCACACAGATCATAAAAAAATTTCCACCAAACCCCCCCTCCCCCGCTTCTGGCCACAGCACTTAAACACATCTCTGCCAAACCCCAAAAACAAAGAACCCTAACACCA
E._Pygmy_(70)_{African},TTCTTTCATGGGGAAGCAGATTTGGGTACCACCCAAGTATTGACTCACCCATCAACAACCGCTATGTATTTGCTACATTACTGCCAGCCACCATGAATATTGTACGGTACCATAAATACTTGACCACCTGTAGTACATAAAAACCCAACCCACATCAAACCCCCCCCCCATGCTTACAAGCAAGTACAGCAATCAACCTTCAACCATCACACATCAACTGCAACTCCAAAGCCACCCCTCACCCACTAGGATATCAACAAACCTACTATCCTTAACAGTACATAGCACATAAAGCCATTTACCGTACATAGCACATTACAGTCAAATCCCTTCTCGTGTGTGCACGCGATAGCATTGCGAGACGCTGGAGCCGGAGCACCCTATGTCGCAGTATCTGTCTTTGATTCCTGCCTCATCCCATTATTTATCGCACCTAGTTCAATATTACAGGCGAACATACTATAAAGTGTGTTAATTAATTAATGCTTGTAGGACATAATAATAACAATTTGTCTGCAAGGCTTTCCACACAGATCATAAAAAAATTTCCACCAAACCCCCCCTCCCCCGCTTCTGGCCACAGCACTTAAACACATCTCTGCCAAACCCCAAAAACAAAGAACCCTAACACCA
E._Pygmy_(73)_{African},TTCTTTCATGGGGAAGCAGATTTGGGTACCACCCAAGTATTGACTCACCCATCAACAACCGCTATGTATTTCGTACATTACTGCCAGCCACCATGAATATTGTACGGTACCATAAATACTTGACCACCTGTAGTACATAAAAACCCAACCCACATCAAACCCCCCCCCCATGCTTACAAGCAAGTACAGCAATCAACCTTCAACCATCACACATCAACTGCAACTCCAAAGCCACCCCTCACCCACTAGGATATCAACAAACCTACTATCCTTAACAGTACATAGCACATAAAGCCATTTACCGTACATAGCACATTACAGTCAAATCCCTTCTCGTGTGTGCACGCGATAGCATTGCGAGACGCTGGAGCCGGAGCACCCTATGTCGCAGTATCTGTCTTTGATTCCTGCCTCATCCCATTATTTATCGCACCTAGTTCAATATTACAGGCGAACATACTATAAAGTGTGTTAATTAATTAATGCTTGTAGGACATAATAATAACAATTTGTCTGCAAGGCTTTCCACACAGATCATAAAAAAATTTCCACCAAACCCCCCCTCCCCCGCTTCTGGCCACAGCACTTAAACACATCTCTGCCAAACCCCAAAAACAAAGAACCCTAACACCA
Asian_(74)_{Asian},TTCTTTCATGGGGAAGCAGATTTGGGTACCACCCAAGTATTGACTCACCCATCAACAACCGCTATGTATTTTGTACATTACTGCCAGTCACCATGAATATTGTACGGTACCACAAATACTTGACCACCTGTAGTACATAAAAACCCAATCCACATCAAACCCCCTCCCCATGCTTACAAGCAAGCACAGCAATCAACCTTCAACTATCACACATCAACTGCAACTCCAAAACCACCCCTCACCCACTAGGATACCAACAAACCTACCACCCTTAACAGTACATAGCACATAAAGCCATTTACCGTACATAGCACATTACAGTCAAATCCCTTCTCGCGTGTGCACGCGATAGCATTGCGAGACGCTGGAGCCGGAGCACCCTATGTCGCAGTATCTGTCTTTGATTCCTGCCTCATCCTATTATTTATCGCACCTAGTTCAATATTACAGGCGAACATACTATAAAGTGTGTTAATTAATTAATGCTTGTAGGACATGATAATAACAATTTGTCTGCAAGGCTTTCCACACAGATCATAAAAAAATTTCCACCAAACCCCCCCTCCCCCGCTTCTGGCCACAGCACTTAAACACATCTCTGCCAAACCCCAAAAACAAAGAACCCTAACACCA
Asian_(75)_{Asian},TTCTTTCATGGGGAAGCAGATTTGGGTACCACCCAAGTATTGACTCACCCATCAACAACCGCTATGTACTTCGCACATTACTGCCAGCCACCATGAATATTGTACGGTACCATAAATACTTGACCACCTGTAGTACATAAGAACCCAATCCACATCAAACCCCCTCCCCATGCTTACAAGCAAGTACAGCAATCAACCTTCAACTATCACACATCAACTGCAACTCCAAAGCCACCCCTCATCCACTAGGATACCAACAAACCTACCACCCTTAACAGTACATAGCACATAAAGCCATTTACCGTACATAGCACATTACAGTCAAATCCCTTCTCGCGTGTGCACGCGATAGCATTGCGAGACGCTGGAGCCGGAGCACCCTATGTCGCAGTATCTGTCTTTGATTCCTGCCTCATTCTATTATTTATCGCACCTAGTTCAATATTACAGGCGAACATACTATAAAGTGTGTTAATTAATTAATGCTTGTAGGACATAATAATAACAATTTGTCTGCAAGGCTTTCCACACAGATCATAAAAAAATTTCCACCAAACCCCCCCTCCCCCGCTTCTGGCCACAGCACTTAAACACATCTCTGCCAAACCCCAAAAACAAAGAACCCTAACACCA
Yoruban_(78)_{African},TTCTTTCATGGGGAAGCAGATTTGGGTACCACCCAAGTATTGACTCACCCATCAACAACCGCTATGTATTTCGTACATTACTGCCAGCCACCATGAATATTGTACAGTACCATAAATACTTGACCACCTGTAGTACATAAAAACCCAATCCACATCAAACCCCCTCCCCATGCTTACAAGCAAGCACAGCAATCAACCTTCAACTATCATACATCAACTGCAACTCCAAAGCCACCCCTCACCCACTAGGATACCAACAAACCTACCACTCTTAACAGTACATAGCACATAAAGCCATTTACCGTACATAGCACATTACAGTCAAATCCCTTCTCGTGTGTGCACGCGATAGCATTGCGAGACGCTGGAGCCGGAGCACCCTATGTCGCAGTATCTGTCTTTGATTCCTGCCTCATCCTATTATTTATCGCACCTAGTTCAATATTACAGGCGAGCATACTATGAAGTGTGTTAATTAATTAATGCTTGTAGGACATAATAATAACAATTTGTCTGCAAGGCTTTCCACACAGATCATAAAAAAATTTCCACCAAACCCCCCCTCCCCCGCTTCTGGCCACAGCACTTAAACACATCTCTGCCAAACCCCAAAAACAAAGAACCCTAACACCA
New_Guinean_(79)_{New_Guinean},TTCTTTCATGGGGAAGCAGATTTGGGTACCACCCAAGTATTGACTCACCCATCAACAACCGCTATGTATCTCGTACATTACTGCCAGCCACCATGAATATTGTACAGTACCATAAATACTTGACCACCTGTAGTACATAAAAACCCAATCCACATCAAACCCCCTCCCCATGCTTACAAGCAAGCACAGCAATCAACCTTCAACTATCACACATCAGCTGCAACTCCAAAGCCACCCCTCACCCACTAGGATACCAACAAACCTACCACCCTTAACAGTACATAGCACATAAAGCCATTTACCGTACATAGCACATTACAGTCAAATCCCTTCTCGTGTGTGCACGCGATAGCATTGCGAGACGCTGGAGCCGGAGCACCCTATGTCGCAGTATCTGTCTTTGATTCCTACCTCATCCTATTATTTATCGCACCTAGTTCAATATTACAGGCGAACATACTATAAAGTGTGTTAATTAATTAATGCTTGTATGACATAATAATAACAATTTGTCTGCAAGGCTTTCCACACAGATCATAAAAAAATTTCCACCAAACCCCCCCTCCCCCGCTTCTGGCCACAGCACTTAAACACATCTCTGCCAAACCCCAAAAACAAAGAACCCTAACACCA
New_Guinean_(80)_{New_Guinean},TTCTTTCATGGGGAAGCAGATTTGGGTACCACCCAAGTATTGACTCACCCATCAACAACCGCTATGTATTTCGTACATTACTGCCAGCCACCATGAATATTGTACAGTACCATAAATACTTGACCACCTGTAGTACATAAAAACCCAATCCACATCAAACCCCCTCCCCATGCTTACAAGCAAGTACAGCAATCAACCTTCAACTATCACACATCAGCTGCAACTCCAAAGCCACCCCTCACCCACTAGGATACCAACAAACCTACCACCCTTAACAGTACATAGCACATAAAGCCATTTACCGTACATAGCACATTACAGTCAAATCCCTTCTCGTGTGTGCACGCGATAGCATTGCGAGACGCTGGAGCCGGAGCACCCTATGTCGCAGTATCTGTCTTTGATTCCTGCCTCATCCTATTATTTATCGCACCTAGTTCAATATTACAGGCGAACATACTATAAAGTGTGTTAATTAATTAATGCTTGTAGGACATAATAATAACAATTTGTCTGCAAGGCTTTCCACACAGATCATAAAAAAATTTCCACCAAACCCCCCCTCCCCCGCTTCTGGCCACAGCACTTAAACACATCTCTGCCAAACCCCAAAAACAAAGAACCCTAACACCA
New_Guinean_(81)_{New_Guinean},TTCTTTCATGGGGAAGCAGATTTGGGTACCACCCAAGTATTGACTCACCCATCAACAACCGCTATGTATTTCGTACATTACTGCCAGCCACCATGAATATTGTACAGTACCATAAATACTCGACTACCTGTAGTACATAAAAACCCAATCCACATCAAACCCCCTCCCCATGCTTACAAGCAAGTACAGCAATCAACCTTCAACTATCACACATCAGCTGCAACTCCAAAGCCACCCCTCCCCCACTAGGATACCAACAAACCTACCACCCTTAACAGTACATAGCACATAAAGCCATTTACCGTACATAGCACATTGCAGTCAAATCCCTTCTCGTGTGTGCACGCGATAGCATCGCAAGACGCTGGAGCCGGAGCACCCTATGTCGCAGTATCTGTCTTTGATTCCTGCCCCATCCTATTATTTATCGCACCTAGTTCAATATTACAGGCGAACATACTATAAAGTGTGTTAATTAATTAATGCTTGTAGGACATAATAATAACAATTTGTCTGCAAGGCTTTCCACACAGATCATAAAAAAATTTCCACCAAACCCCCCCTCCCCCGCTTCTGGCCACAGCACTTAAACACATCTCTGCCAAACCCCAAAAACAAAGAACCCTAACACCA
Asian_(84)_{Asian},TTCTTTCATGGGGAAGCAGATTTGGGTACCACCCAAGTATTGACTCACCCATCAACAACCGCTATGTATCTCGTACATTACTGCCAGCCACCATGAATATTGTACGGTACCATAAATACTTGACCACCTGTAGTACATAAAAACCCAATCTACATCAAACCCCCTCCCCATGCTTACAAGCAAGTACAGCAATCAACCTTCAACTATCACACATCAACTGCAACTCCAAAGCCACCCCTCACCCACTAGGATACCAACAAACCTACCACCCTTAACAGTACATAGTACATAAAGCCATTTACCGTACATAGCACATTACAGTCAAATCCCTTCTCGCGTGTGCACGCGATAGCATTGCGAGACGCTGGAGCCGGAGCACCCTATGTCGCAGTATCTGTCTTTGATTCCTGCCCCATCCTATTATTTATCGCACCTAGTTCAATATTACAGGCGAACATACTACAAAGTGTGTTAATTGATTAATGCTTGTAGGACATAATAATAACAATTTGTCTGCAAGGCTTTCCACACAGATCATAAAAAAATTTCCACCAAACCCCCCCTCCCCCGCTTCTGGCCACAGCACTTAAACACATCTCTGCCAAACCCCAAAAACAAAGAACCCTAACACCA
Asian_(85)_{Asian},TTCTTTCATGGGGAAGCAGATTTGGGTACCACCCAAGTATTGACTCACCCATCAACAACCGCTATGTATTTCGTACATTACTGCCAGCCACCATGAATATTGTACAGTACCATAAATACTTGACCACCTGTAGTACATAAAAACCCAATCCACATCAAACCCCCTCCTCATGCTTACAAGCAAGTACAGCAATCAACCTTCAACTATCACACATCAACTGCAACTCCAAAGCCACCCCTCACCCACTAGGATACCAACAAACCTACCACCCCTAACAGTACATAGTACATAAAGCCATTTACCGTACATAGCACATTACAGTCAAATCCCTTCTCGTGTGTGCACGCGATAGCATTGCGAGACGCTGGAGCCGGAGCACCCTATGTCGCAGTATCTGTCTTTGATTCCTGCCTCATTCTATTATTTATCGCACCTAGTTCAATATTACAGGCGAACATACTACAAAGTGTGTTAATTAATTAATGCTTGTAGGACATAATAATAACAATTTGTCTGCAAGGCTTTCCACACAGATCATAAAAAAATTTCCACCAAACCCCCCCTCCCCCGCTTCTGGCCACAGCACTTAAACACATCTCTGCCAAACCCCAAAAACAAAGAACCCTAACACCA
Asian_(86)_{Asian},TTCTTTCATGGGGAAGCAGATTTGGGTACCACCCAAGTATTGACTCACCCATCAACAACCGCTATGTATTTCGTACATTACTGCCAGCCACCATGAATATTGTACAGTACCATAAATACTTGACCACCTGTAGTACATAAAAACCCAATCCACATCAAACCCCCTCCTCATGCTTACAAGCAAGTACAGCAATCAACCTTCAACTATCACACATCAACTGCAACTCCAAAGTCACCCCTCACCCACCAGGATACCAACAAACCTACCACCCTTAACAGTACATAGTACATAAAGCCATTTACCGTACATAGCACATTACAGTCAAATCCCTTCTCGTGTGTGCACGCGATAGCATTGCGAGACGCTGGAGCCGGAGCACCCTATGTCGCAGTATCTGTCTTTGATTCCTGCCCCATCCTATTATTTATCGCACCTAGTTCAATATTACAGGCGAACATACTACAAAGTGTGTTAATTAATTAATGCTTGTAGGACATAATAATAACAATTTGTCTGCAAGGCTTTCCACACAGATCATAAAAAAATTTCCACCAAACCCCCCCTCCCCCGCTTCTGGCCACAGCACTTAAACACATCTCTGCCAAACCCCAAAAACAAAGAACCCTAACACCA
Asian_(87)_{Asian},TTCTTTCATGGGGAAGCAGATTTGGGTGCCACCCAAGTATTGACTCACCCATCAACAACCGCTATGTATTTCGTACATTACTGCCAGCCACCATGAATATTGTACGGTACCATAAATACTTGACCACCTGTAGTACATAAAAACCCAATCCACATCAAACCCCCTCCCCATGCTTACAAGCAAGCACAGCAATCAACCTTCAACTATCACACATCAACTGCAACTCCAAAGCCACCCCTCACCCACTAGGATACCAACAAACCTACCACCCTCAACAGTACATAGTACATAAAACCATTCATCGTACATAGCACATTACAGTCAAATCCCTTCTCGTGTGTGCACGCGATAGCATTGCGAGACGCTGGAGCCGGAGCACCCTATGTCGCAGTATCTGTCTTTGATTCCTGCCTCATCCTATTATTTATCGCACCTAGTTCAATATTACAGGCGAACATACTATAAAGTGTGTTAATTAATTAATGCTTGTAGGACATAATAATAACAATTTGTCTGCAAGGCTTTCCACACAGATCATAAAAAAATTTCCACCAAACCCCCCCTCCCCCGCTTCTGGCCACAGCACTTAAACACATCTCTGCCAAACCCCAAAAACAAAGAACCCTAACACCA
Asian_(88)_{Asian},TTCTTTCATGGGGAAGCAGATTTGGGTACCACCCAAGTATTGACTCACCCATCAACAACCGCTATGTATTTCGTACATTACTGCCAGCCACCATGAATATTGTACGGTACCATAAATACTTGACCACCTGTAGTACATAAAAACCCAATCCACATCAAACTCCCTCCCCATGCTTACAAGCAAGTACAGCAATCAACCTTCAACTATCACACATCAACTGCAACTCCAAAGCCACTCCTCACCCACTAGGATACCAACAAACCTACCACCCTCAACAGTACATAGTACATAAAGCCATTTACCGTACATAGCACATTACAGTCAAATCCCTTCTCGTGTGTGCACGCGATAGCATTGCGAGACGCTGGAGCCGGAGCACCCTATGTCGCAGTATCTGTCTTTGATTCCTGCCTCATCCCATTATTTATCGCACCTAGTTCAATATTACAGGCGAACATACTATAAAGTGTGTTAATTAATTAATGCTTGTAGGACATAATAATAACAATTTGTCTGCAAGGCTTTCCACACAGATCATAAAAAAATTTCCACCAAACCCCCCCTCCCCCGCTTCTGGCCACAGCACTTAAACACATCTCTGCCAAACCCCAAAAACAAAGAACCCTAACACCA
European_(89)_{European},TTCTTTCATGGGGAAGCAGATTTGGGTACCACCCAAGTATTGACTCACCCATCAACAACCGCTATGTATTTCGTACATTACTGCCAGCCACCATGAATATTGTACGGTACCATAAATACTTGACCACCTGTAGTACATAAAAACCCAATCCACATCAAACCCCCTCCCCATGCTTACAAGCAAGTACAGCAATCAACCTTCAACTATCACACATCAACTGCAACTCCAAAGCCACCCCTCACCCACTAGGATACCAACAAACCTACCACCCTTAACAGCACATAGTACATAAAGCCATTTACCGTACATAGCACATTACAGTCAAATCCCTTCTCGTGTGTGCACGCGATAGCATTGCGAGACGCTGGAGCCGGAGCACCCTATGTCGCAGTATCTGTCTTTGATTCCTGCCTCATCCTGTTATTTATCGCACCTAGTTCAATATTACAGGCGAACATACTATAAAGTGTGTTAATTAATTAATGCTTGTAGGACATAATAATAACAATTTGTCTGCAAGGCTTTCCACACAGATCATAAAAAAATTTCCACCAAACCCCCCCTCCCCCGCTTCTGGCCACAGCACTTAAACACATCTCTGCCAAACCCCAAAAACAAAGAACCCTAACACCA
Asian_(90)_{Asian},TTCTTTCATGGGGAAGCAGATTTGGGTACCACCCAAGTATTGACTCACCCATCAACAACCGCTATGTATTTCGTACATTACTGCCAGCCACCATGAATATTGTACGGTACCATAAATACTTGACCACCTGTAGTACATAAAAACCCAATCCACATCAAACCCCCTCCCCATGCTTACAAGCAAGTACAGCAATCAACCTTCAACTATCACACATCAACTGCAACTCCAAAGCCACCCCTCACCCACTAGGATACCAACAAACCTATCACCCTTAACAGCACATAGTACATAAAGCCATTTACCGTACATAGCACATTACAGTCAAATCCCTTCTCGTGTGTGCACGCGATAGCATTGCGAGACGCTGGAGCCGGAGCACCCTATGTCGCAGTATCTGTCTTTGATTCCTGCCTCATCCTATTATTCATCGCACCTAGTTCAATATTACAGGCGAACATACTATAAAGTGTGTTAATTAATTAATGCTTGTAGGACATAATAATAACAATTTGTCTGCAAGGCTTTCCACACAGATCATAAAAAAATTTCCACCAAACCCCCCCTCCCCCGCTTCTGGCCACAGCACTTAAACACATCTCTGCCAAACCCCAAAAACAAAGAACCCTAACACCA
Asian_(91)_{Asian},TTCTTTCATGGGGAAGCAGATTTGGGTACCACCCAAGTATTGACTCACCCATCAACAACCGCTATGTATTTCGTACATTACTGCCAGCCACCATGAATATCGTACGGTACCATAAATACTTGACTACCTGTAGTACATAAAAACCCAATCCACATCAAACCCCCTCCCCATGCTTACAAGCAAGTACAGCAATCAACCCTCAACTATCACACATCAACTGCAACTCCAAAGCCACCCCTCACCCACTAGGATACCAACAAACCTACCACCCTTAACAGCACATGGTACATAAAGCCATTTACCGTACATAGCACATTACAGTCAAATCCCTTCTCGTGTGTGCACGCGATAGCATTGCGAGACGCTGGAGCCGGAGCACCCTATGTCGCAGTATCTGTCTTTGATTCCTGCCTCATCCTATTATTTATCGCACCTAGTTCAATATTACAGGCGAACATACTATAAAGTGTGTTAATTAATTAATGCTTGTAGGACATAATAATAACAATTTGTCTGCAAGGCTTTCCACACAGATCATAAAAAAATTTCCACCAAACCCCCCCTCCCCCGCTTCTGGCCACAGCACTTAAACACATCTCTGCCAAACCCCAAAAACAAAGAACCCTAACACCA
Asian_(92)_{Asian},TTCTTTCATGGGGAAGCAGATTTGGGTACCACCCAAGTATTGACTCACCCATCAACAACCGCTATGTATTTCGTACATTACTGCCAGCCACCATGAATATTGTACAGTACCATAAATACTTGACCACCTGTAGTACATGAAAACCCAACCCACATCAAACCCCCTCCCCATGCTTACAAGCAAGTACAGCAATCAACCCTCAACTATCACACATCAACTGCAACTCCAAAGCCACCCCTCATCCACTAGGATACCAACAAACCTACCACCCTTAACAGCACATAGTACATAAAGCCATTTACCGTACATAGCACATTACAGTCAAATCCCTTCTCGTGTGTGCACGCGATAGCATTGCGAGACGCTGGAGCCGGAGCACCCTATGTCGCAGTATCTGTCTTTGATTCCTGCCTCATCTCGTTATTTATCGCACCTAGTTCAATATTACAGGCGAACATACTATAAAGTGTGTTAATTAATTAATGCTTGTAGGACATAATAATAACAATTTGTCTGCAAGGCTTTCCACACAGATCATAAAAAAATTTCCACCAAACCCCCCCTCCCCCGCTTCTGGCCACAGCACTTAAACACATCTCTGCCAAACCCCAAAAACAAAGAACCCTAACACCA
Asian_(93)_{Asian},TTCTTTCATGGGGAAGCAGATTTGGGTACCACCCAAGTATTGACTCACCCATCAACAACCGCTATGTATTTCGTACATTACTGCCAGCCACCATGAATATTGTACAGTACCATAAATACTTGACCACCTGTAGTACATAAAAACCCAACCCACATCAAACCCCCTCCCCATGCTTACAAGCAAGTACAGCAATCAACCCTCAACTATCACACATCAACTGCAACTCCAAAGCCACCCCTCACCCACTAGGATACCAACAAACCTACCATCCTTAACAGCACATAGTACATAAAGCCATTTACCGTACATAGCACATTACAGTCAAATCCCTTCTCGCGTGTGCACGCGATAGCATTGCGAGACGCTGGAGCCGGAGCACCCTATGTCGCAGTATCTGTCTTTGATTCCTGCCTCATCCCATTATTTATCGCACCTAGTTCAATATTACAGGCGAACATACTATAAAGTGTGTTAATTAATTAATGCTTGTAGGACATAATAATAACAATTTGTCTGCAAGGCTTTCCACACAGATCATAAAAAAATTTCCACCAAACCCCCCCTCCCCCGCTTCTGGCCACAGCACTTAAACACATCTCTGCCAAACCCCAAAAACAAAGAACCCTAACACCA
European_(94)_{European},TTCTTTCATGGGGAAGCAGATTTGGGTACCACCCAAGTATTGACTCACCCATCAACAACCGCTATGTATTTCGTACATTACTGCCAGCCACCATGAATATTGCACGGTACCATAAATACTTGACCACCTGTAGTACATAAAAACCCAATCCACATCAAACCCCCTCCCCATGCTTACAAGCAAGTACAGCAATCAACCCTCAACTATCACACATCAACTGCAACTCCAAAGCCACCCCTCACCCACTAGGATACCAACAAACCTACCATCTTTAACAGCACATAGTACATAAAGCCATTTACCGTACATAGCACATTACAGTCAAATCCCTTCTCGTGTGTGCACGCGATAGCATTGCGAGACGCTGGAGCCGGAGCACCCTATGTCGCAGTATCTGTCTTTGATTCCTGCCTCATCCTATTATTTATCGCACCTAGTTCAATATTACAGGCGAACATACTATAAAGTGTGTTAATTAATTAATGCTTGTAGGACATAATAATAACAATTTGTCTGCAAGGCTTTCCACACAGATCATAAAAAAATTTCCACCAAACCCCCCCTCCCCCGCTTCTGGCCACAGCACTTAAACACATCTCTGCCAAACCCCAAAAACAAAGAACCCTAACACCA
Asian_(95)_{Asian},TTCTTTCATGGGGAAGCAGATTTGGGTACCACCCAAGTATTGACTCACCCATCAACAACCGCTATGTATTTCGTACATTACTGCCAGCCACCATGAATATTGCACGGTACCATAAATACTTGACCACCTGTAGTACATAAAAACCCAATCCACATCAAACCCCCTCCCCATGCTTACAAGCAAGTACAGCAATTAACCCTCAACTATCACACATCAACTGCAACTCCAAAGCCACCCCTCACCCACTAGGATACCAACAAACTTACCATCTTTAACAGCACATAGTACATAAAGCCATTTACCGTACATAGCACATTACAGTCAAATCCCTTCTCGTGTGTGCACGCGATAGCATTGCGAGACGCTGGAGCCGGAGCACCCTATGTCGCAGTATCTGTCTTTGATTCCTGCCCCATCCTATTATTTATCGCACCTAGTTCAATATTACAGGCGAACATACTATAAAGTGTGTTAATTAATTAATGCTTGTAGGACATAATAATAACAATTTGTCTGCAAGGCTTTCCACACAGATCATAAAAAAATTTCCACCAAACCCCCCCTCCCCCGCTTCTGGCCACAGCACTTAAACACATCTCTGCCAAACCCCAAAAACAAAGAACCCTAACACCA
European_(96)_{European},TTCTTTCATGGGGAAGCAGATTTGGGTACCACCCAAGTATTGACTCACCCATCAACAACCGCTATGTATTTCGTACATTACTGCCAGCCACCATGAATATTGTACGGTACCATAAATACTTGACCACCTGTAGTACATAAAAACCCAATCCACATCAAACCCCCTCCTCATGCTTACAAGCAAGTACAGCAATCAACCCTCAACTATCACACATCAACTGCAACTCCAAAGTCACCCCTCACCCATTAGGATACCAACAAACCTACCACCCTTAACAGTACATAGCACATAAAGCCATTTACCGTACATAGCACATTACAGTCAAATCCCTTCTCGTGTGTGCACGCGATAGCATTGCGAGACGCTGGAGCCGGAGCACCCTATGTCGCAGTATCTGTCTTTGATTCCTGCCTCATCCTATTATTTATCGCACCTAGTTCAATATTACAGGCGAACATACTACAAAGTGTGTTAATTAATTAATGCTTGTAGGACATAATAATAACAATTTGTCTGCAAGGCTTTCCACACAGATCATAAAAAAATTTCCACCAAACCCCCCCTCCCCCGCTTCTGGCCACAGCACTTAAACACATCTCTGCCAAACCCCAAAAACAAAGAACCCTAACACCA
European_(99)_{European},TTCTTTCATGGGGAAGCAGATTTGGGTACCACCCAAGTATTGACTCACCCATCAACAACCGCTATGTATTTCGTACATTACTGCCAGCCACCATGAATATTGTACGGTACCATAAATACTTGACCACCTGTAGTACATAAAAACCCAATCCACATCAAACCCCCTCCCCATGCTTACAAGCAAGTACAGCAATCAACCCTCAACTATCACACATCAACTGCAACTCCAAAGCCACCCCTCACCCACTAGGATACCAACAAACCTACCACCCTTAACAGTACATAGCACATAAAGCCATTTACCGTACATAGCACATTACAGTCAAATCCCTTCTCGTGTGTGCACGCGATAGCATTGCGAGACGCTGGAGCCGGAGCACCCTATGTCGCAGTATCTGTCTTTGATTCCTGCCCCATCCTATTATTTATCGCACCTAGTTCAATATTACAGGCGAACATACTATAAAGTGTGTTAATTAATTAATGCTTGTAGGACATAATAATAACAATTTGTCTGCAAGGCTTTCCACACAGATCATAAAAAAATTTCCACCAAACCCCCCCTCCCCCGCTTCTGGCCACAGCACTTAAACACATCTCTGCCAAACCCCAAAAACAAAGAACCCTAACACCA
European_(101)_{European},TTCTTTCATGGGGAAGCAGATTTGGGTACCACCCAAGTATTGACTCACCCATCAACAACCGCTATGTATTTCGTACATTACTGCCAGCCACCATGAATATTGTACGGTACCATAAATACTTGACCACCTGTAGTACATAAAAACCCAATCCACATCAAACCCCCTCCCCATGCTTACAAGCAAGTACAGCAATCAACCCTCAACTATCACACATCAACTGCAACTCCAAAGCCACCCCTCACCCACTAGGATACCAACAAACCTACCACCCTTAACAGTACATAGTACATAAAGCCATTTACCGTACATAGCACATTACAGTCAAATCCCCTCTCGTGTGTGCACGCGATAGCATTGCGAGACGCTGGAGCCGGAGCACCCTATGTCGCAGTATCTGTCTTTGATTCCTGCCTCATCCCATTATTTATCGCACCTAGTTCAATATTACAGGCGAACATACTATAAAGTGTGTTAATTAATTAATGCTTGTAGGACATAATAATAACAATTTGTCTGCAAGGCTTTCCACACAGATCATAAAAAAATTTCCACCAAACCCCCCCTCCCCCGCTTCTGGCCACAGCACTTAAACACATCTCTGCCAAACCCCAAAAACAAAGAACCCTAACACCA
European_(102)_{European},TTCTTTCATGGGGAAGCAGATTTGGGTACCACCCAAGTATTGACTTACCCATCAACAACCGCTATGTATCTCGTACATTACTGCCAGCCACCATGAATATTGCACGGTACCATAAATACTTGACCACCTGTAGTACATAAAAACCCAATCCACATCAAACCCCCTCCCCATGCTTACAAGCAAGTACAGCAATCAACCCTCAACTATCACACATCAACTGCAACTCCAAAGCCACCTCTCACCCACTAGAATACCAACAAACCTACCACCCTTAACAGTACATAGTACATAAAGCCATTTACCGTACATAGCACATTACAGTCAAATCCTTTCTCGTGTGTGCACGCGATAGCATTGCGAGACGCTGGAGCCGGAGCACCCTATGTCGCAGTATCTGTCTTTGATTCCTGCCTCATCCTATTATTTATCGCACCTAGTTCAATATTACAGACGAACATACTATAAAGTGTGTTAATTAATTAATGCTTGTAAGACATAATAATAACAATTTGTCTGCAAGGCTTTCCACACAGATCATAAAAAAATTTTCACCAAACCCCCCCTCCCCCGCTTCTGGCCACAGCACTTAAACACATCTCTGCCAAACCCCAAAAACAAAGAACCCTAACACCA
Yoruban_(103)_{African},TTCTTTCATGGGGAAGCAGATTTGGGTACCACCCAAGTATTGACTCACCCATCAACAACCGCTATGTATTTCGTACATTACTGCCAGCCACCATGAATATTGTACGGTACCATAAATACTTGACCACCTGTAGTACATAAAAACCCAATCCACATCAAACCCCCTCCCCATGCTTACAAGCAAGTACAGCAATCAACCCTCAACTATCACACATCAACTGCAACTCCAAAGCCACCTCTCACCCACTAGGATACCAACAAACCTACCACCCTCAACAGTACATAGTACATAAAGCCATTTACCGTACATAGCACATTACAGTCAAATCCCTTCTCGTGTGTGCACGCGATAGCATTGCGAGACGCTGGAGCCGGAGCACCCTATGTCGCAGTATCTGTCTTTGATTCCTGCCTCATCCTATTATTTATCGCACCTAGTTCAATATTACAGGCGAACATACTATAAAGTGTGTTAATTAATTAATGCTTGTAGGACATAATAATAACAATTTGTCTGCAAGGCTTTCCACACAGATCATAAAAAAATTTCCACCAAACCCCCCCTCCCCCGCTTCTGGCCACAGCACTTAAACACATCTCTGCCAAACCCCAAAAACAAAGAACCCTAACACCA
European_(104)_{European},TTCTTTCATGGGGAAGCAGATTTGGGTACCACCCAAGTATTGACTCACCCATCAACAACCGCTATGTATTTCGTACATTACTGCCAGCCACCATGAATATTGTACGGTACCATAAATACTTGACCACCTGTAGTACATAAAAACCCAATCCACATCAAACCCCCCCTCCATGCTTACAAGCAAGTACAGCAATCAACCTTCAACTATCACACATCAACTGCAACTCCAAAGCCACCCCTCACCCACTAGGATATCAACAAACCTACCACCCTTAACAGTACATAGTACATAAAGCCATTTACCGTACATAGCACATTACAGTCAAATCCCTTCTCGTGTGTGCACGCGATAGCATTGCGAGACGCTGGAGCCGGAGCACCCTATGTCGCAGTATCTGTCTTTGATTCCTGCCTCATCCTGTTATTTATCGCACCTAGTTCAATATTACAGGCGAACATACTATAAAGTGTGTTAATTAATTAATGCTTACAGGACATAATAATAACAATTTGTCTGCAAGGCTTTCCACACAGATCATAAAAAAATTTCCACCAAACCCCCCCTCCCCCGCTTCTGGCCACAGCACTTAAACACATCTCTGCCAAACCCCAAAAACAAAGAACCCTAACACCA
Yoruban_(106)_{African},TTCTTTCATGGGGAAGCAGATTTGGGTACCACCCAAGTATTGACTCACCCATCAACAACCGCTATGTATCTCGTACATTACTGCCAGCCACCATGAATATTGTACGGTACCATAAATACTTGACCACCTGTAGTACATAAAAACCCAATCCACATCAAACCCCCTCCCCATGCTTACAAGCAAGTACAGCAATCAACCTTCAACTATCACACATCAACTGCAACTCCAAAGCCACCCCTCTCCCACTAGGATACCAACAAACCTACCACCCTTAACAGTACATAGTACATAAAGCCATTTACCGTACATAGCACATTACAGTCAAATCCCTTCTCGTGTGTGCACGCGATAGCATTGCGAGACGCTGGAGCCGGAGCACCCTATGTCGCAGTATCTGTCTTTGATTCCTGCCTCATTCTATTATTTATCGCACCTAGTTCAATATTACAGGCGAACATACTATAAAGTGTGTTAATTAATTAATGCTTGTAGGACATAATAATAACAATTTGTCTGCAAGGCTTTCCACACAGATCATAAAAAAATTTCCACCAAACCCCCCCTCCCCCGCTTCTGGCCACAGCACTTAAACACATCTCTGCCAAACCCCAAAAACAAAGAACCCTAACACCA
New_Guinean_(108)_{New_Guinean},TTCTTTCATGGGGAAGCAGATTTGGGTACCACCCAAGTATTGACTCACCCATCAACAACCGCTATGTATTTCGTACATTACTGCCAGCCACCATGAATATTGTACGGTACCATAAATACTTGACCACCTGTAGTACATAAAAACCCAATCCACATCAAACCCCTTCCCCATGCTTACAAGCAAGTACAGCAATCAACCCTCAACTATCACACATCAACTGCAACTCCAAAGCCACCCCTCACCCACTAGGATATCAACAAACCTACCACCCTTAACAGTACATAGTACATAAAGCCATTTACCGTACATAGCACATTACAGTCAAATCCCTCCTCGTGTGTGCACGCGATAGCATTGCGAGACGCTGGAACCGGAGCACCCTATGTCGCAGTATCTGTCTTTGATTCCTACCTCATCCTATTATTTATCGCACCTAGTTCAATATTACAGGCGAACATACTATAAAGTGTGTTAATTAATTAATGCTTGTAGGACATAATAATAACAATTTGTCTGCAAGGCTTTCCACACAGATCATAAAAAAATTTCCACCAAACCCCCCCTCCCCCGCTTCTGGCCACAGCACTTAAACACATCTCTGCCAAACCCCAAAAACAAAGAACCCTAACACCA
New_Guinean_(110)_{New_Guinean},TTCTTTCATGGGGAAGCAGATTTGGGTACCACCCCAGTATTGACTCACCCATCAACAACCGCTATGTATTTCGTACATTACTGCCAGCCACCATGAATATTGTACGGTACCATAAATACTTGACCACCTGTAGTACATAAAAACCCAATCCACATCAAACCCCCTCCCCATGCTTACAAGCAAGTACAGCAATCAACCCTCAACTATCGCACATCAACTGCAACTCCAAAGCCACCCCTCATCCACTAGGATACCAACAAACCTACCACCCTTAACAGCACATAGTACATAAAGCCATTTACCGTACATAGCACATTACAGTCAAATCCCTCCTCGTGTGTGCACGCGATAGCATTGCGGGACGCTGGAGCCGGAGCACCCTATGTCGCAGTATCTGTCTTTGATTCCTGCCTCATCCTATTATTTATCGCACCTAGTTCAATATTACAGGCGAACATACTATAAAGTGTGTTAACTAATTAATGCTTGTAGGACATAATAATAACAATTTGTCTGCAAGGCTTTCCACACAGATCATAAAAAAATTTCCACCAAACCCCCCCTCCCCCGCTTCTGGCCACAGCACTTAAACACATCTCTGCCAAACCCCAAAAACAAAGAACCCTAACACCA
European_(111)_{European},TTCTTTCATGGGGAAGCAGATTTGGGTACCACCCAAGTATTGACTCACCCATCAACAACCGCTATGTATTTCGTACATTACTGCCAGCCACCATGAATATTGTACGGTACCATAAATACTTGGCCACCTGTAGTACATAAAAACCCAATCCACATCAAACCCCCTCCCCATGCTTACAAGCAAGTACAGCAATCAACCCTCAACTATCACACATCAACTGCAACTCCAAAGCCACCCCTCACCCACTAGGATACCAACAAACCTACCACCCTTAACAGTACATAGTACATAAAGCCATTTACCGTACATAGCACATCACAGTCAAATCCCTTCTCGTGTGTGCACGCGATAGCATTGCGAGACGCTGGAGCCGGAGCACCCTATGTCGCAGTATCTGTCTTTGATTCCTGCCTCATCCTATTATTTATCGCACCTAGTTCAATATTACAGGCGAACATACTATAAAGTGTGTTAATTAATTAATGCTTGTAGGACATAATAATAACAATTTGTCTGCAAGGCTTTCCACACAGATCACAAAAAAATTTCCACCAAACCCCCCCTCCCCCGCTTCTGGCCACAGCACTTAAACACATCTCTGCCAAACCCCAAAAACAAAGAACCCTAACACCA
Asian_(112)_{Asian},TTCTTTCATGGGGAAGCAGATTTGGGTACCACCCAAGTATTGACTCACCCATCAACAACCGCTATGTATTTCGTACATTACTGCCAGCCACCATGAATATTGTACGGTACCATAAATACTTGGCCACCTGTAGTACATAAAAACCCAATCCACATCAAACCCCCTCCCCATGCTTACAAGCAAGTACAGCAATCAACCCTCAACTATCACACATCAACTGCAACTCCAAAGCCACCCCTCACCCACTAGGATACCAACAAACCTACCACCCTTAACAGTACATAGTACATAAAGCCATTTACCGTACATAGCACATTACAGTCAAATCCCTTCTCGTGTGTGCACGCGATAGCATTGCGAGACGCTGGAGCCGGAGCACCCTATGTCGCAGTATCTGTCTTTGATTCCTGCCACATCCTATTATTTATCGCACCTAGTTCAATATTACAGGCGAACATACTACAAAGTGTGTTAATTAATTAATGCTTGTAGGACATAATAATAACAATTTGTCTGCAAGGCTTTCCACACAGATCATAAAAAAATTTCCACCAAACCCCCCCTCCCCCGCTTCTGGCCACAGCACTTAAACACATCTCTGCCAAACCCCAAAAACAAAGAACCCTAACACCA
Asian_(113)_{Asian},TTCTTTCATGGGGAAGCAGATTTGGGTACCACCCAAGTATTGATTCACCCATCAACAACCGCTATGTATTTCGTACATTACTGCCAGCCACCATGAATATTGTACGGTACCATAAATACTTGACCACCTGTAGTACATAAAAACCCAATCCACATCAAACCCCCTCCCCATGCTTACAAGCAAGTACAGCAATCAACCCTCAACTATCACACATCAACTGCAACTCCAAAGCCACCCCTCACCCACTAGGATACCAACAAACCTACCACCCTTAACAGTACATAGTACATAAAGCCATTTACCGTACATAGCACATTACAGTCAAATCCTTTCTCGTGTATGCACGCGATAGCATTGCGGGACGCTGGAGCCGGAGCACCCTATGTCGCAGTATCTGTCTTTGATTCCTGCCTCATTCTATTATTTATCGCACCTAGTTCAATATTACAGGCGAACATACTATAAAGTGTGTTAATTAATTAATGCTTGTAGGACATAATAATAACAATTTGTCTGCAAGGCTTTCCACACAGATCATAAAAAAATTTCCACCAAACCCCCCCTCCCCCGCTTCTGGCCACAGCACTTAAACACATCTCTGCCAAACCCCAAAAACAAAGAACCCTAACACCA
European_(114)_{European},TTCTTTCATGGGGAAGCAGATTTGGGTACCACCCAAGTATTGACTCACCCATCAACAACCGCTATGTATTTCGTACATTACTGCCAGCCACCATGAATATTGTACGGTACCATAAATACTTGACCACCTGTAGTACATAAAAACCCAATCCACATCAAACCCCCTCCCCATGCTTACAAGCAAGTACAGCAATCAACCCTCAACTATCACACATCAACTGCAACTCCAAAGCCACCCCTCACCCACTAGGATACCAACAAACCTACCACCCTTAACAGTACATAGTACATAAAGCCATTTACCGTACATAGCACATTACAGTCAAATCCCTTCTCGTGTATGCACGCGATAGCATTGCGAGACGCTGGAGCCGGAGCACCCTATGTCGCAGTATCTGTCTTTGATTCCTGCCTCATCCCATTATTTATCGCACCTAGTTCAATATTACAGGCGAACATACTATAAAGTGTGTTAATTAATTAATGCTTGTAGGACATAATAATAACAATTTGTCTGCAAGGCTTTCCACACAGATCATAAAAAAATTTCCACCAAACCCCCCCTCCCCCGCTTCTGGCCACAGCACTTAAACACATCTCTGCCAAACCCCAAAAACAAAGAACCCTAACACCA
European_(115)_{European},TTCTTTCATGGGGAAGCAGATTTGGGTACCACCCAAGTATTGACTCACCCATCAACAACCGCTATGTATCTCGTACATTACTGCCAGCCACCATGAATATTGTACGGTACCATAAATACTTGACCACCTGTAGTACATAAAAACCCAATCCACATCAAACCCCCTCCCCATGCTTACAAGCAAGTACAGCAATCAACCCTCAACTATCACACATCAACTGCAACTCCAAAGCCACCCCTCACCCACTAGGATACCAACAAACCTACCACCCTTAACAGTACATAGTACATAAAGCCATTTACCGTACATAGCACATTACAGTCAAATCCCTTCTCGCGTATGCACGCGATAGCATTGCGAGACGCTGGAGCCGGAGCACCCTATGTCGCAGTATCTGTCTTTGATTCCTGCCTCATCCTATTATTTATCGCACCTAGTTCAATATTACAGGCGAACATACTATAAAGTGTGTTAATTAATTAATGCTTGTAGGACATAATAACAACAATTTGTCTGCAAGGCTTTCCACACAGATCATAAAAAAATTTCCACCAAACCCCCCCTCCCCCGCTTCTGGCCACAGCACTTAAACACATCTCTGCCAAACCCCAAAAACAAAGAACCCTAACACCA
European_(116)_{European},TTCTTTCATGGGGAAGCAGATTTGGGTACCACCCAAGTATTGACTCACCCATCAACAACCGCTATGTATTTCGTACATTACTGCCAGCCACCATGAATATTGTACGGTACCATAAATACTTGACCACCTGTAGTACATAAAAACCCAATCCACATCAAACCCCCTCCCCATGCTTACAAGCAAGTACAGCAATCAACCCTCAACTATCACACATCAACTGCAACTCCAAAGCCACCCCTCACCCACTAGGATACCAACAAACCTACCACCCTTAACAGTACATAGTACATAAAGCCATTTACCGTACATAGCACATTACAGTCAAATCCCTTCTCGTGTATGCACGCGATAGCATTGCGAGACGCTGGAGCCGGAGCACCCTATGTCGCAGTATCTGTCTTTGATTCCTGCCTCATCCTATTATTTATCGCACCTAGTTCAATATTACAGGCGAACATACTATAAAGTGTGTTAATTAATTAATGCTTGTAGGACATAATAATAACAATTTGTCTGCAAGGCTTTCCACACAGATCATAAAAAAATTTCCACCAAACCCCCCCTCCCCCGCTTCTGGCCACAGCACTTAAACACATCTCTGCCAAACCCCAAAAACAAAGAACCCTAACACCA
European_(117)_{European},TTCTTTCATGGGGAAGCAGATTTGGGTACCACCCAAGTATTGACTCACCCATCAACAACCGCTATGTATTTCGTACATTACTGCCAGCCACCATGAATATTGTACGGTACCATAAATACTTGACCACCTGTAGTACATAAAAACCCAATCCACATCAAACCCCCTCCCCATGCTTACAAGCAAGTACAGCAATCAACCCTCAACTATCACACATCAACTGCAACTCCAAAGCCACCCCTCACCCACTAGGATACCAACAAACCTACCACCCTTAACAGTACATAGTACATAAAGCCATTTACCGTACATAGCACATTACAGTCAAATCCCTTCTCGTGTATGCACGCGATAGCATTGCGAGACGCTGGAGCCGGAGCACCCTATGTCGCAGTATCTGTCTTTGATTCCTGCCTCATCCTATTATTTATCGCACCTAGTTCAATATTACAGGCGAACATACTATAAAGTGTGTTAATTAATTAATGCTTGTAGGACATAATAATAACAATTTGTCTGCAAGGCTTTCCACACAGATCATAAAAAAATTTCCACCAAACCCCCCCTCCCCCGCTTCTGGCCACAGCACTTAAACACATCTCTGCCAAACCCCAAAAACAAAGAACCCTAGCACCA
European_(118)_{European},TTCTTTCATGGGGAAGCAGATTTGGGTACCACCCAAGTATTGACTCACCCATCAACAACCGCTATGTATTTCGTACATTACTGCCAGCCACCATGAATATTGTACGGTACCATAAATACTTGACCACCTGTAGTACATAAAAACCCAATCCACATCAAACCCCCTCCCCATGCTTACAAGCAAGTACAGCAATCAACCCTCAACTATCACACATCAACTGCAACTCCAAAGCCACCCCTCACCCACTAGGATACCAACAAACCTACCACCCTTAACAGTACATAGTACATAAAGCCATTTACCGTACATAGCACATTACAGTCAAATCCCTTCTCGTGTATGCACGCGATAGCATTGCGAGACGCTGGAGCCGGAGCACCCTATGTCGCAGTATCTGTCTTTGATTCCTGCCTCATCCTATTATTTATCGCACCTAGTTCAATATTACAGGCGAACATACTATAAAGTGTGTTAATTAATTAATGCTTGTAGGACATAATAATAACAATTTGTCTGCAAGACTTTCCACACAGATCATAAAAAAATTTCCACCAAACCCCCCCTCCCCCGCTTCTGGCCACAGCACTTAAACACATCTCTGCCAAACCCCAAAAACAAAGAACCCTAACACCA
European_(119)_{European},TTCTTTCATGGGGAAGCAGATTTGGGTACCACCCAAGTATTGACTCACCCATCAACAACCGCTATGTATTTCGTACATTACTGCCAGCCACCATGAATATTGCACGGTACCATAAATACTTGACCACCTGTAGTACATAGAAACCCAATCCACATCAAACCCTCCCCCCATGCTTACAAGCAAGTACAGCAATCAACCCTCAACTATCACACATCAACTGCAACTCCAAAGCCACCCCTCACCCACTAGGATACCAACAAACCTACCATCCTTAACAGTACATAGTACATAAAGCCATTTACCGTACATAGCACATTACAGTCAAATCCCTTCTCGTGTGTGCACGCGATAGCATTGCGAGACGCTGGAGCCGGAGCACCCTATGTCGCAGTATCTGTCTTTGATTCCTGCCTCATCCTATTATTTATCGCACCTAGTTCAATATTACAGGCGAACATACTATAAAGTGTGTTAATTAATTAATGCTTGTAGGACATAATAATAACAATTTGTCTGCAAGGCTTTCCACACAGATCATAAAAAAATTTCCACCAAACCCCCCCTCCCCCGCTTCTGGCCACAGCACTTAAACACATCTCTGCCAAACCCCAAAAACAAAGAACCCTAACACCA
European_(120)_{European},TTCTTTCATGGGGAAGCAGATTTGGGTACCACCCAAGTATTGACTCACCCATCAACAACCGCTATGTATTTCGTACATTACTGCCAGCCACCATGAATATTGCACGGTACCATAAATACTTGACCACCTGTAGTACATAGAAACCCAATCCACATCAAACCTCCCCCCCATGCTTACAAGCAAGTACAGCAATCAACCCTCAACTATCACACATCAACTGCAACTCCAAAGCCACCCCTCACCCACTAGGATACCAACAAACCTACCATCCTTAACAGTACATAGTACATAAAGCCATTTACCGTACATAGCACATTACAGTCAAATCCCTTCTCGTGTGTGCACGCGATAGCATTGCGAGACGCTGGAGCCGGAGCACCCTATGTCGCAGTATCTGTCTTTGATTCCTGCCTCATCCCATTATTTATCGCACCTAGTTCAATATTACAGGCGAACATACTATAAAGTGTGTTAATTAATTAATGCTTGTAGGACATAATAATAACAATTTGTCTGCAAGGCTTTCCACACAGATCATAAAAAAATTTCCACCAAACCCCCCCTCCCCCGCTTCTGGCCACAGCACTTAAACACATCTCTGCCAAACCCCAAAAACAAAGAACCCTAACACCA
Asian_(122)_{Asian},TTCTTTCATGGGGAAGCAGATTTGGGTACCACCCAAGTATTGACTCACCCATCAACAACCGCTATGTATTTCGTACATTACTGCCAGCCACCATGAATATTGTACGGTACCATAAACACTTGACCACCTGTAGTACATAAAAACCCAATCCACATCAAACCCCCCCCCCATGCTTACAAGCAAGTACAGCAATCAACCCTCAACTATCACACATCAACTGCAACTCCAAAGCCACCCCTCAACCACTAGGATACCAACAAACCTACCACCCTTAACAGTACATAGTACATAAAGCCATTTACCGTACATAGCACATTACAGTCAAATCCCTTCTCGTGTGTGCACGCGATAGCATTGCGAGACGCTGGAGCCGGAGCACCCTATGTCGCAGTATCTGTCTTTGATTCCTGCCTCATCCTATTATTTATCGCACCTAGTTCAATATTACAGGCGAACATACTATAAAGTGTGTTGATTAATTAATGCTTGTAGGACATAATAATAACAATTTGTCTGCAAGGCTTTCCACACAGATCATAAAAAAATTTCCACCAAACCCCCCCTCCCCCGCTTCTGGCCACAGCACTTAAACACATCTCTGCCAAACCCCAAAAACAAAGAACCCTAACACCA
Asian_(126)_{Asian},TTCTTTCATGGGGAAGCAGATTTGGGTACCACCCAAGTATTGACTCACCCATCAACAACCGCTATGTATTTCGTACATTACTGCCAGCCACCATGAATATTGTACGGTACCATAAATACTTGACCACCTGTAGTACATAAAAACCCAATCCACATCAAACCCCCCCCCCATGCTTACAAGCAAGTACAGCAACCAACCCTCAACTATCACACATCAACTGCAACTCCAAAGCCACCTCTCACCCACTAGGATACCAACAAACCTACCACCCTTGACAGTACATAGTACATAAAGCCATTTACCGTACATAGCACATTACAGTCAAATCCCTTCTCGTGTGTGCACGCGATAGCATTGCGAGACGCTGGAGCCGGAGCACCCTATGTCGCAGTATCTGTCTTTGATTCCTGCCTCATACTATTATTTATCGCACCTAGTTCAATATTACAGGCGAACATGCTATAAAGTGTGTTAATTAATTAATGCTTGTAGGACATAATAATAACAATTTGTCTGCAAGGCTTTCCACACAGATCATAAAAAAATTTCCACCAAACCCCCCCTCCCCCGCTTCTGGCCACAGCACTTAAACACATCTCTGCCAAACCCCAAAAACAAAGAACCCTAACACCA
Asian_(128)_{Asian},TTCTTTCATGGGGAAGCAGATTTGGGTACCACCCAAGTATTGACTCACCCATCAACAACCGCTATGTATTTCGTACATTACTGCCAGCCACCATGAATATTGTACGGTACCATAAATACTTGACCACCTGTAGTACATAAAAACCCAATCCACATCAAACCCCCCCCCCATGCTTACAAGCAAGTACAGCAACCAACCCTCAACTATCACACATCAACTGCAGCTCCAAAGCCACCTCTCACCCACTAGGATACCAACAAACCTACCACCCTTAACAGTACATAGTACATAAAGCCATTTACCGTACATAGCACATTACAGTCAAATCCCTTCTCGTGTGTGCACGCGATAGCATTGCGAGACGCTGGAGCCGGAGCACCCTATGTCGCAGTATCTGTCTTTGATTCCTGCCCCATCCTATTATTTATCGCACCTAGTTCAATATTACAGGCGAACATACTATAAAGTGTGTTAATTAATTAATGCTTGTAGGACATAATAATAACAATTTGTCTGCAAGGCTTTCCACACAGATCATAAAAAAATTTCCACCAAACCCCCCCTCCCCCGCTTCTGGCCACAGCACTTAAACACATCTCTGCCAAACCCCAAAAACAAAGAACCCTAACACCA
